{
  "group": "betterrecipies",
  "type": "minecraft:crafting_shaped",
  "pattern": [
    " 1 ",
    "345",
    "678"
  ],
  "key": {
    "1": {
      "item": "minecraft:brewing_stand"
    },
    "3": {
      "item": "minecraft:obsidian"
    },
    "4": {
      "item": "minecraft:dragon_breath"
    },
    "5": {
      "item": "minecraft:obsidian"
    },
    "6": {
      "item": "minecraft:nether_star"
    },
    "7": {
      "item": "minecraft:purpur_block"
    },
    "8": {
      "item": "minecraft:nether_star"
    }
  },
  "result": {
    "item": "minecraft:dragon_egg",
    "count": 1
  }
}