{
  "group": "betterrecipies",
  "type": "minecraft:crafting_shaped",
  "pattern": [
    "012",
    "345",
    "6 8"
  ],
  "key": {
    "0": {
      "item": "minecraft:phantom_membrane"
    },
    "1": {
      "item": "minecraft:nether_star"
    },
    "2": {
      "item": "minecraft:phantom_membrane"
    },
    "3": {
      "item": "minecraft:netherite_sword"
    },
    "4": {
      "item": "minecraft:end_rod"
    },
    "5": {
      "item": "minecraft:netherite_sword"
    },
    "6": {
      "item": "minecraft:phantom_membrane"
    },
    "8": {
      "item": "minecraft:phantom_membrane"
    }
  },
  "result": {
    "item": "minecraft:elytra",
    "count": 1
  }
}